Mutation type,Trinucleotide,BI_COMPOSITE_SBS2_P,BI_COMPOSITE_SBS7a_S,BI_COMPOSITE_SBS7b_S
C>A,ACA,0.001409996,0.000207432,0.002006408
C>A,ACC,0.001360906,0.000191318,0.000396369
C>A,ACG,0.00015233,2.66e-05,9.26e-05
C>A,ACT,0.000788988,0.000294218,0.000668262
C>A,CCA,0.000553441,0.000454801,0.001696006
C>A,CCC,0.000638637,0.000290092,0.000507929
C>A,CCG,0.000147444,8.94e-05,0.000252062
C>A,CCT,0.00059787,0.000335496,0.000333303
C>A,GCA,0.000613026,0.000108451,0.0006067
C>A,GCC,0.000589636,1.11e-05,8.28e-05
C>A,GCG,0.000175057,1.08e-06,3.13e-05
C>A,GCT,0.000312212,3.86e-11,4e-05
C>A,TCA,0.010698217,0.00041379,0.002829224
C>A,TCC,0.001876174,0.000786682,0.00196206
C>A,TCG,0.000338908,3.37e-05,0.000141914
C>A,TCT,0.00533665,0.000330827,0.000481658
C>G,ACA,0.000297108,0.000103467,0.000394281
C>G,ACC,0.000883967,6.17e-05,0.000358628
C>G,ACG,4.37e-05,4.41e-05,0.000338547
C>G,ACT,0.0007384,9.42e-05,0.000675374
C>G,CCA,0.000497669,8.44e-05,0.000628017
C>G,CCC,0.000739042,0.000103775,0.000635978
C>G,CCG,0.000152385,6.94e-05,0.000497515
C>G,CCT,0.000312832,9.11e-05,0.000995492
C>G,GCA,0.000211292,3.21e-05,0.00014092
C>G,GCC,0.000486236,5.72e-05,0.000565945
C>G,GCG,4.76e-05,1.69e-05,0.00026441
C>G,GCT,0.000637611,7.8e-05,0.000503793
C>G,TCA,0.009487946,8.56e-05,0.000311705
C>G,TCC,0.000631374,0.000205078,0.001385942
C>G,TCG,0.000333352,5.82e-05,0.000289377
C>G,TCT,0.006670316,0.000238303,0.001624459
C>T,ACA,0.007651063,0.000153941,0.000687111
C>T,ACC,0.002257018,0.018122357,0.028588726
C>T,ACG,0.002142785,7.15e-05,0.00059522
C>T,ACT,0.003518459,0.006327957,0.007918616
C>T,CCA,0.018901771,0.059328553,0.1024399
C>T,CCC,0.002833365,0.060416006,0.170011971
C>T,CCG,0.002723738,0.006530575,0.015831149
C>T,CCT,0.007777365,0.059298981,0.112655607
C>T,GCA,0.007507614,2.08e-06,6.18e-06
C>T,GCC,0.001953051,0.011011056,0.018202484
C>T,GCG,0.00176769,2.74e-05,0.000243269
C>T,GCT,0.002494672,0.01526081,0.001636606
C>T,TCA,0.457495483,0.225512915,0.02779654
C>T,TCC,0.0996339,0.328552994,0.222183578
C>T,TCG,0.042051998,0.072384449,0.056518762
C>T,TCT,0.273423527,0.107743462,0.1149548
T>A,ATA,0.000493896,0.00104519,0.003996791
T>A,ATC,0.000775948,0.000402821,0.000725575
T>A,ATG,0.000737395,0.000455461,0.002038268
T>A,ATT,0.001200461,0.003857624,0.01119475
T>A,CTA,0.000324808,0.000255524,0.000719648
T>A,CTC,0.000435544,0.000374334,0.000501117
T>A,CTG,0.000347195,0.000150956,0.000449976
T>A,CTT,0.00016746,0.000305423,0.000282168
T>A,GTA,0.000104695,0.000251618,0.000409065
T>A,GTC,0.000274369,0.000138505,0.000104959
T>A,GTG,0.000206628,0.000183619,0.000482694
T>A,GTT,0.000415613,0.000113554,0.000268084
T>A,TTA,0.000327949,0.000668391,0.003654783
T>A,TTC,0.000204549,0.000650181,0.001293611
T>A,TTG,0.000278724,0.000152843,0.0012735
T>A,TTT,0.000422623,0.000566358,0.002315541
T>C,ATA,0.000665446,0.000497036,0.001357189
T>C,ATC,0.000528842,0.000149455,0.000490289
T>C,ATG,0.000501136,0.000327689,0.001165332
T>C,ATT,0.000682786,0.000498836,0.003864247
T>C,CTA,0.000122873,0.000568649,0.001198705
T>C,CTC,0.000312385,0.000408938,0.000536318
T>C,CTG,0.000242322,0.000289713,0.000194102
T>C,CTT,0.000445743,0.003058535,0.006343774
T>C,GTA,0.000390122,7.55e-05,0.000181632
T>C,GTC,0.000578033,6.12e-05,0.000135199
T>C,GTG,0.000535665,7.55e-05,0.000241163
T>C,GTT,0.000638136,8.46e-05,0.011064761
T>C,TTA,0.000321424,0.00182921,0.006961981
T>C,TTC,0.000554407,0.001012731,0.001961243
T>C,TTG,0.00017682,0.00056101,0.002767788
T>C,TTT,0.000236383,0.001015211,0.003798647
T>G,ATA,0.000374748,0.000323884,0.00071507
T>G,ATC,0.000166745,0.000506758,0.000938764
T>G,ATG,0.00029677,0.000354515,0.002156749
T>G,ATT,0.000180463,0.000281881,0.000797133
T>G,CTA,8.86e-05,0.000122238,0.000423432
T>G,CTC,0.000293577,0.000138998,0.000815419
T>G,CTG,0.000367709,2.09e-05,0.002391834
T>G,CTT,0.000293999,0.000194839,0.001463008
T>G,GTA,0.000151915,0.000115434,0.000295349
T>G,GTC,0.000198443,0.000148487,0.000401509
T>G,GTG,0.000354914,0.000443304,0.003192355
T>G,GTT,0.000124173,0.001181381,0.003073429
T>G,TTA,0.000283288,6.94e-05,0.001957017
T>G,TTC,0.000187456,0.00013346,0.001676259
T>G,TTG,0.000388904,6.02e-05,0.00224612
T>G,TTT,0.000704101,7.45e-05,0.003474103
