Mutation type,Trinucleotide,BI_COMPOSITE_SBS1_P,BI_COMPOSITE_SBS5_P
C>A,ACA,0.009903594,0.047177029
C>A,ACC,0.008303073,0.010727515
C>A,ACG,0.001658722,0.010638035
C>A,ACT,0.004127913,0.021989475
C>A,CCA,0.004363978,0.023651742
C>A,CCC,0.004198894,0.002652035
C>A,CCG,0.001185432,0.005563993
C>A,CCT,0.001881645,0.001953509
C>A,GCA,0.002376834,0.02583242
C>A,GCC,0.001376642,0.009022292
C>A,GCG,0.00088331,0.009153605
C>A,GCT,0.000382136,0.012179877
C>A,TCA,0.003487071,0.032293145
C>A,TCC,0.005233567,0.019993223
C>A,TCG,0.001204038,0.007660054
C>A,TCT,0.001605631,0.02307835
C>G,ACA,0.003375778,0.016678651
C>G,ACC,0.001743274,0.005502977
C>G,ACG,3.89e-05,0.002837362
C>G,ACT,0.003035999,0.009278515
C>G,CCA,0.001317955,0.01007578
C>G,CCC,0.000793378,0.005513177
C>G,CCG,7.28e-05,0.003765634
C>G,CCT,0.000802189,0.006915158
C>G,GCA,0.001257227,0.008618792
C>G,GCC,0.00113268,0.005452878
C>G,GCG,0.000165292,0.00227629
C>G,GCT,0.000316103,0.003773208
C>G,TCA,0.000325522,0.011305465
C>G,TCC,0.000365263,0.011068424
C>G,TCG,5.15e-05,0.002363128
C>G,TCT,0.002539831,0.010167669
C>T,ACA,0.021180405,0.026442305
C>T,ACC,0.010298193,0.00669572
C>T,ACG,0.273428851,0.003634359
C>T,ACT,0.010587613,0.011985566
C>T,CCA,0.009078464,0.026566997
C>T,CCC,0.014166353,0.015036322
C>T,CCG,0.139733951,0.003459742
C>T,CCT,0.006859028,0.020904883
C>T,GCA,0.008023821,0.017644233
C>T,GCC,0.012275183,0.007536446
C>T,GCG,0.175675161,0.001986379
C>T,GCT,0.006948348,0.009384544
C>T,TCA,0.003008759,0.022458729
C>T,TCC,0.01231311,0.016211987
C>T,TCG,0.105084032,0.001019112
C>T,TCT,0.00771722,0.019378425
T>A,ATA,0.003894035,0.014609153
T>A,ATC,0.003630889,0.000913967
T>A,ATG,0.003177384,0.007650062
T>A,ATT,0.003970555,0.004780364
T>A,CTA,0.000744557,0.009044237
T>A,CTC,0.000539181,0.001230527
T>A,CTG,0.001245571,0.003734606
T>A,CTT,0.001208581,0.008089265
T>A,GTA,0.001168034,0.008926525
T>A,GTC,0.000548776,0.001349521
T>A,GTG,0.001105585,0.010337941
T>A,GTT,0.000778342,0.006058871
T>A,TTA,0.005641349,0.01360946
T>A,TTC,0.000271589,0.002181366
T>A,TTG,0.000325601,0.006855408
T>A,TTT,0.003138851,0.010575395
T>C,ATA,0.009687031,0.057507193
T>C,ATC,0.004250844,0.002643266
T>C,ATG,0.00420618,0.036652727
T>C,ATT,0.014057776,0.017258467
T>C,CTA,0.001118625,0.02636619
T>C,CTC,0.002119083,0.000857346
T>C,CTG,0.001374533,0.018588596
T>C,CTT,0.001130353,0.01238804
T>C,GTA,0.005418125,0.02601541
T>C,GTC,0.00431716,0.000734059
T>C,GTG,0.002891133,0.016006908
T>C,GTT,0.006187451,0.01142107
T>C,TTA,0.002858506,0.023839774
T>C,TTC,0.003661937,0.001265506
T>C,TTG,0.000933537,0.014009189
T>C,TTT,0.006645581,0.011745972
T>G,ATA,0.001504022,0.002715558
T>G,ATC,0.000648244,0.000475779
T>G,ATG,0.001285598,0.000565208
T>G,ATT,0.001271238,0.00066474
T>G,CTA,0.000100186,0.002596276
T>G,CTC,0.000251754,0.000704812
T>G,CTG,0.000595208,0.002228946
T>G,CTT,5.27e-06,0.00211257
T>G,GTA,0.000497212,0.001091453
T>G,GTC,0.000318679,0.000304644
T>G,GTG,0.001020132,0.000877382
T>G,GTT,0.00027177,0.000632635
T>G,TTA,0.000655354,0.002993423
T>G,TTC,0.000363952,0.000726907
T>G,TTG,0.000727988,0.002410292
T>G,TTT,0.002352005,0.002147839
