Mutation type,Trinucleotide,BI_COMPOSITE_SBS1_P,BI_COMPOSITE_SBS12_P,BI_COMPOSITE_SBS13_P,BI_COMPOSITE_SBS2_P,BI_COMPOSITE_SBS22_P,BI_COMPOSITE_SBS28_P,BI_COMPOSITE_SBS3_P,BI_COMPOSITE_SBS30_P,BI_COMPOSITE_SBS35_P,BI_COMPOSITE_SBS36_P,BI_COMPOSITE_SBS39_P,BI_COMPOSITE_SBS40_P,BI_COMPOSITE_SBS5_P,BI_COMPOSITE_SBS64_P,BI_COMPOSITE_SBS69_P,BI_COMPOSITE_SBS70_P,BI_COMPOSITE_SBS71_P,BI_COMPOSITE_SBS77_P,BI_COMPOSITE_SBS8_P
C>A,ACA,0.009903594,0.004634586,0.000359788,0.001409996,0.003099577,0.00190683,0.012781832,0.000994607,8.69e-05,0.024284766,0.011682847,0.041593623,0.047177029,0.009650375,0.017920258,0.03176744,0.001539529,0.010306893,0.060501042
C>A,ACC,0.008303073,0.004587855,5.88e-05,0.001360906,0.001440133,0.000461098,0.041688693,0.010218123,0.060851632,0.007295558,0.01218962,0.00368935,0.010727515,0.023613438,0.008243107,0.028271959,0.006046068,0.006387314,0.049362693
C>A,ACG,0.001658722,0.000292942,0.000153726,0.00015233,0.000301823,0.000226713,0.00067937,0.000881306,0.000298341,0.001195368,0.000869782,0.001291864,0.010638035,0.000321963,0.000898297,0.007209021,0.000644762,0.000609541,0.004689107
C>A,ACT,0.004127913,0.002204242,0.000189254,0.000788988,0.001309429,0.0015119,0.019214188,0.000824168,0.006500913,0.020378794,0.012963199,0.012118561,0.021989475,0.008798563,0.008455597,0.01669416,0.010479646,0.007619595,0.060301635
C>A,CCA,0.004363978,0.008830493,0.001577868,0.000553441,0.002464257,0.001529419,0.007714658,0.00821074,0.012756813,0.056236181,0.007839093,0.014499563,0.023651742,0.010757545,0.001425896,0.008909253,0.007593982,0.006416321,0.029836256
C>A,CCC,0.004198894,0.009392003,0.000644115,0.000638637,0.00306309,0.000309008,0.02902857,0.001384022,0.014457236,0.019675439,0.009859386,0.009580036,0.002652035,0.005019305,0.001351559,0.012702179,0.008184617,0.007152614,0.025301126
C>A,CCG,0.001185432,0.001227669,0.000323074,0.000147444,0.000116959,6.21e-05,0.000706444,0.001026152,5.11e-05,0.004848364,0.000318261,0.000701955,0.005563993,0.001840953,0.000396688,0.00235606,0.002020735,0.000969095,0.000513256
C>A,CCT,0.001881645,0.005178149,0.000539917,0.00059787,0.000703543,0.002419852,0.010879412,0.002550111,0.069161878,0.076072113,0.008205792,0.013235265,0.001953509,0.019810266,0.001552483,0.002445966,0.053984443,0.00580334,0.030556906
C>A,GCA,0.002376834,0.004068041,0.000268763,0.000613026,0.001204792,0.000602771,0.007985869,0.003163503,0.009565674,0.062905797,0.002115794,0.00393726,0.02583242,0.006893362,0.001494972,0.009555054,0.016283677,0.001017526,0.014317451
C>A,GCC,0.001376642,0.00629913,0.000278382,0.000589636,0.001913472,0.000612873,0.027953535,0.003228594,0.068657348,0.018554295,0.004444131,0.001312805,0.009022292,0.00739518,0.000847017,0.026623054,0.001665987,0.003003471,0.014759967
C>A,GCG,0.00088331,0.000857447,0.000107913,0.000175057,0.000140658,4.6e-05,0.000214481,0.000873663,3.09e-21,0.002953824,0.000135907,0.00053563,0.009153605,0.001640031,0.000642464,0.008615101,0.00038437,0.000235074,1.86e-05
C>A,GCT,0.000382136,0.002177151,0.000132304,0.000312212,0.001461805,0.001586117,0.017803005,0.001729156,0.005344319,0.06606711,0.006121264,0.005181483,0.012179877,0.005902964,0.000181709,0.00540582,0.019038574,0.00298779,0.017898938
C>A,TCA,0.003487071,0.005303679,0.034928085,0.010698217,0.001941328,0.001322451,0.006299804,0.00129975,6.55e-17,0.184729915,0.004853965,0.03734258,0.032293145,0.017444591,0.010036022,0.02427075,0.00143053,0.00546213,0.005673553
C>A,TCC,0.005233567,0.009371932,0.013995792,0.001876174,0.003187593,0.000734692,0.022633477,0.001483087,0.012569909,0.086016179,0.006526094,0.024919273,0.019993223,0.001374055,0.01687402,0.057319946,3.96e-22,0.002607932,0.009559468
C>A,TCG,0.001204038,0.001207132,0.002792077,0.000338908,0.000115919,9.44e-05,0.000205503,0.000598112,0.000172364,0.016199927,0,0.003460301,0.007660054,0.001561372,0.00036747,0.011581268,0.00130697,0.000229474,5.46e-15
C>A,TCT,0.001605631,0.004111404,0.01705603,0.00533665,0.001667846,0.001956118,0.005807464,0.00124228,0.002149288,0.273554788,0.006844239,0.022736479,0.02307835,0.064236979,0.009921368,0.007074988,0.030188202,0.004989353,0.008484137
C>G,ACA,0.003375778,0.000778795,0.003035908,0.000297108,0.001610071,0.000598181,0.006134902,0.006498832,0.00026325,0.000686913,0.034550137,0.01099698,0.016678651,0.005576377,0.00221264,0.010665973,0.002711026,0.006784887,0.013784894
C>G,ACC,0.001743274,0.001602018,0.000637738,0.000883967,0.000870695,0.000299324,0.007938469,0.006650276,0.001774137,0.001531761,0.019671849,0.011879685,0.005502977,0.005219659,0.002483267,0.014679989,0.000312757,0.004628438,0.003676723
C>G,ACG,3.89e-05,1.75e-05,0.000267752,4.37e-05,0.000196346,0.000188686,0.001086781,0.000404883,0.000738839,0.000135557,0.007742235,0.001433279,0.002837362,0.000108829,0.000633846,0.000330772,0.001504111,0.000318526,0.001071861
C>G,ACT,0.003035999,0.002457181,0.002726784,0.0007384,0.00067027,0.000141938,0.004115368,0.002465227,0.003381566,0.000990052,0.035564595,0.021321376,0.009278515,0.00314022,0.006630876,0.010195062,0.000906308,0.036025443,0.008578935
C>G,CCA,0.001317955,0.001314984,0.003765756,0.000497669,0.000956993,0.000982168,0.019449019,0.006344657,0.001523282,0.000464915,0.022188523,0.003914889,0.01007578,0.0009328,0.007637185,0.00469788,0.005133066,0.002107913,0.001622236
C>G,CCC,0.000793378,0.002563029,0.000589152,0.000739042,0.000944049,0.001001745,0.015873324,0.006877217,0.001743362,0.000579468,0.01970139,0.013486296,0.005513177,0.001870484,0.002497103,0.006858487,0.001224974,0.000900994,0.001987896
C>G,CCG,7.28e-05,0.000108424,0.000400597,0.000152385,7.82e-05,0.000149752,0.009913034,0.00038432,0.000563757,0.000102827,0.004417683,0.000359936,0.003765634,0.000508676,0.000779817,0.001262954,0.001325059,0.000129151,4.43e-05
C>G,CCT,0.000802189,0.003490708,0.004450928,0.000312832,0.000748446,0.001315128,0.028687059,0.006228954,0.007331659,0.000817256,0.029834307,0.02078835,0.006915158,0.002110307,0.016727452,0.007420879,0.003643664,0.006272445,0.00240883
C>G,GCA,0.001257227,0.000125776,0.001086004,0.000211292,0.000894386,0.000153127,0.011451449,0.005211267,0.002260744,0.000328666,0.01510835,0.001280302,0.008618792,0.002089891,0.001332536,0.003586157,0.002005338,0.000724359,0.002113238
C>G,GCC,0.00113268,0.001569309,0.000472524,0.000486236,0.000628027,0.000291896,0.007586172,0.004576693,0.038957117,0.000467957,0.013673463,0.001782144,0.005452878,0.003147196,0.000981257,0.011309553,0.000581351,0.009188284,0.002044717
C>G,GCG,0.000165292,1.1e-05,0.000194177,4.76e-05,0.000101151,8.98e-06,0.003101831,0.000444353,0.000114396,7.55e-05,0.003110348,0.000642109,0.00227629,0.000275874,7.57e-05,0.000546296,0.000396264,0.000210352,0.000148801
C>G,GCT,0.000316103,0.001106224,0.001923178,0.000637611,0.000528557,0.000197894,0.026050037,0.003553872,0.010817602,0.000547425,0.022370478,0.002461398,0.003773208,0.001935946,0.002261892,0.004767682,0.003556733,0.005948022,0.005011453
C>G,TCA,0.000325522,0.001443562,0.225501332,0.009487946,0.001167594,0.000858664,0.006727404,0.002362592,0.00047537,0.000444406,0.02752319,0.004181822,0.011305465,0.001152025,0.079525532,0.004951558,0.001760562,0.00325878,0.000497079
C>G,TCC,0.000365263,0.00290128,0.044419378,0.000631374,0.001509027,0.00050575,0.02115203,0.00546254,0.00050513,0.00079645,0.027457408,0.020236286,0.011068424,0.001453342,0.046407791,0.010126817,0.000226896,0.00147656,0.002725182
C>G,TCG,5.15e-05,0.000182915,0.009731496,0.000333352,0.000148393,5.55e-06,0.001787556,0.000275759,0.000211316,0.000100717,0.004218355,0.001420628,0.002363128,0.000401439,0.001801867,0.001500523,0.001014687,0.000390879,6.29e-05
C>G,TCT,0.002539831,0.0056836,0.260508652,0.006670316,0.000837933,0.000760213,0.012627212,0.002023524,0.007715089,0.001309252,0.052244412,0.01598359,0.010167669,0.000814399,0.150465626,0.009044323,0.003630057,0.040214966,0.005553147
C>T,ACA,0.021180405,0.013832168,0.003086607,0.007651063,0.001105409,0.009085749,0.013402185,0.098452055,9.92e-05,0.003827477,0.020222252,0.011748702,0.026442305,0.024430776,0.00730226,0.008860339,0.025192152,0.004106382,0.039275612
C>T,ACC,0.010298193,0.007176244,0.000980036,0.002257018,0.001393556,0.003895591,0.008926224,0.067375265,0.001712826,0.002261936,0.011091348,0.005984173,0.00669572,0.011614626,0.001937321,0.00862513,0.013581027,0.002142304,0.01062904
C>T,ACG,0.273428851,0.002694283,0.001604472,0.002142785,0.001168735,0.005910972,0.00429942,0.007342858,0.002033867,0.003433066,0.004628352,0.017078149,0.003634359,0.022745887,0.001161265,0.008238527,0.048759269,0.001478278,0.022451454
C>T,ACT,0.010587613,0.005596184,0.001012882,0.003518459,0.001141942,0.002321946,0.010133176,0.046497048,0.000465255,0.001573198,0.024881237,0.016727335,0.011985566,0.019304397,0.00534139,0.00170657,0.018137731,0.001355226,0.032059821
C>T,CCA,0.009078464,0.01816085,0.006269565,0.018901771,0.002836143,0.006508437,0.010121217,0.077072821,0.00585464,0.004040094,0.011046876,0.007779715,0.026566997,0.016575318,0.024277998,0.005147333,0.018722266,0.00501985,0.001322277
C>T,CCC,0.014166353,0.010623894,0.00248251,0.002833365,0.003484445,0.002581826,0.002166193,0.081674566,0.171389705,0.004196049,0.010251795,0.006919286,0.015036322,0.008615737,0.004511054,0.01277879,0.004709176,0.00088853,0.002889528
C>T,CCG,0.139733951,0.001730757,0.003367492,0.002723738,0.002073371,0.001782198,0.001513792,0.016271027,0.002661764,0.001107295,0.009592887,0.002317775,0.003459742,0.035687906,0.003770425,0.001368406,0.08412873,0.004076631,0.001381642
C>T,CCT,0.006859028,0.016020609,0.003753255,0.007777365,0.002080856,0.004171196,0.010621517,0.022123378,0.083634639,0.001652133,0.020680202,0.016249711,0.020904883,0.01718258,0.017831967,0.008219161,0.006335181,0.001736014,0.020569306
C>T,GCA,0.008023821,0.0150039,0.003316377,0.007507614,0.001688619,0.005000641,0.031914371,0.065467802,0.01051933,0.001875823,0.01340307,0.008235987,0.017644233,0.023012151,0.007664758,0.037846416,0.001252677,0.006205645,0.00510138
C>T,GCC,0.012275183,0.009238523,0.001922034,0.001953051,0.001397358,0.00266809,0.015106487,0.064441911,0.017542036,0.00166291,0.010212587,0.006591323,0.007536446,0.024412768,0.000550716,0.041895299,0.000645286,0.005763537,0.008652515
C>T,GCG,0.175675161,0.002090831,0.001980146,0.00176769,0.001198881,0.002621404,0.005212589,0.004557988,0.000984855,0.001586224,0.005012947,0.002514456,0.001986379,0.082496612,0.007027522,0.023700504,0.071665753,0.007826832,0.006484134
C>T,GCT,0.006948348,0.009811229,0.002353506,0.002494672,0.000950347,0.001310591,0.013654671,0.032008729,0.000924658,0.000975951,0.012616222,0.009982513,0.009384544,0.024276571,0.001269961,0.027372996,0.005509507,0.005254631,0.016504668
C>T,TCA,0.003008759,0.006185665,0.192901998,0.457495483,0.001330881,0.007671116,0.006197076,0.025711633,0.00227146,0.002370946,0.002178233,0.018215306,0.022458729,0.017078953,0.141366779,0.014523691,0.002692951,0.001000221,0.003959728
C>T,TCC,0.01231311,0.008358753,0.03029535,0.0996339,0.002990687,0.009658225,0.008635834,0.090429717,0.010083868,0.002911116,0.006548159,0.016687737,0.016211987,0.018542467,0.108819814,0.019928362,0.008074801,0.000742421,0.007525076
C>T,TCG,0.105084032,0.001046988,0.022726787,0.042051998,0.000246301,0.001157883,0.001746578,0.005147184,0.000525739,0.001085475,0.003426142,0.003394554,0.001019112,0.025663003,0.009741887,0.004751739,0.027457211,0.002736885,0.002160098
C>T,TCT,0.00771722,0.00774645,0.077160288,0.273423527,0.000898235,0.008372529,0.005315122,0.028284232,0.003913369,0.001329244,0.005854954,0.007022527,0.019378425,0.023230374,0.139470215,0.006820139,0.014171337,0.000459675,0.011585191
T>A,ATA,0.003894035,0.005195779,0.000481868,0.000493896,0.067728321,0.000466616,0.002046923,0.003849044,0.001186357,0.001189648,0.003096331,0.015765558,0.014609153,0.008842263,0.005463474,0.018261576,0.008919315,0.004384014,0.012751305
T>A,ATC,0.003630889,0.005552736,0.00020907,0.000775948,0.009302184,0.001960046,0.019578121,0.012418972,0.00502346,0.000365604,0.001682794,0.003786289,0.000913967,0.010029924,0.006364813,0.008931831,0.000228184,0.001564766,0.01826661
T>A,ATG,0.003177384,0.006155575,0.000190167,0.000737395,0.05740252,0.000518884,0.015463111,0.007995802,0.000369941,0.000591301,0.003089542,0.010451387,0.007650062,0.001259167,0.004180332,0.011957638,0.00370195,0.000595844,0.022585106
T>A,ATT,0.003970555,0.002974436,0.000469898,0.001200461,0.017692185,0.006405972,0.010452063,0.008230324,0.001180142,0.002420897,0.007856661,0.015012479,0.004780364,0.077070763,0.013900992,0.006178172,0.020968957,0.008240831,0.029021726
T>A,CTA,0.000744557,0.002774837,0.000191026,0.000324808,0.115114705,0.002014027,0.003397117,0.000484046,0.055353454,0.000459832,0.004852945,0.005265315,0.009044237,0.001170717,0.000436351,0.003918392,0.005435718,0.016460661,0.008731886
T>A,CTC,0.000539181,0.013023084,0.00011209,0.000435544,0.052275582,0.012426354,0.036779506,0.000489099,0.034894353,0.000432777,0.006834784,0.011066294,0.001230527,0.002522146,0.002587827,0.001316519,0,0.002732531,0.020068214
T>A,CTG,0.001245571,0.007239332,0.000113118,0.000347195,0.154312905,0.007516251,0.015832121,0.0001612,0.052743784,0.000791293,0.004526452,0.005860843,0.003734606,0.000578099,0.001052176,0.007927793,0.002539763,0.000830159,0.010024726
T>A,CTT,0.001208581,0.004938981,0.000241351,0.00016746,0.05342578,0.011324944,0.019914434,0.000674293,0.085868883,0.000784945,0.013136426,0.006575552,0.008089265,0.003372155,0.002356009,0.000701438,0.004433833,0.038525417,0.036662466
T>A,GTA,0.001168034,0.000751443,0.000168306,0.000104695,0.048930773,0.000526216,0.008236138,0.002337735,0.000479798,0.000304878,0.00486803,0.005155457,0.008926525,0.001657148,0.00021927,0.003160681,0.004041361,0.003436333,0.007969245
T>A,GTC,0.000548776,0.004373501,5.99e-05,0.000274369,0.009916802,0.003383985,0.02012246,0.00411324,0.004281265,0.000217444,0.003315787,0.00211554,0.001349521,0.001894393,0.001845581,0.003495436,0.002833336,0.001767718,0.01022662
T>A,GTG,0.001105585,0.003262129,8.74e-05,0.000206628,0.035025749,0.001912742,0.017750416,0.004387363,0.000717301,0.000301776,0.005081779,0.003211486,0.010337941,0.001571271,0.000617792,0.003288151,0.002326967,0.001242229,0.011234203
T>A,GTT,0.000778342,0.000851893,0.000128447,0.000415613,0.009596555,0.00353431,0.024888365,0.002333435,0.000499134,0.000394223,0.010549869,0.002777183,0.006058871,0.005164458,0.002125704,0.002447753,0.009271467,0.004683659,0.029472439
T>A,TTA,0.005641349,0.003982414,0.000696309,0.000327949,0.086559375,0.001780042,0.004098215,0.000689462,0.000420415,0.000863225,0.007072999,0.018484448,0.01360946,0.039668805,0.010820027,0.010313902,0.061602987,0.035554085,0.007182736
T>A,TTC,0.000271589,0.016157606,0.000127763,0.000204549,0.021436299,0.005574299,0.015620926,0.000856237,0.001631123,0.000362082,0.006203542,0.024423203,0.002181366,0.001632666,0.003837705,0.002667841,0.000122671,0.008901865,0.016457327
T>A,TTG,0.000325601,0.006156776,0.000171367,0.000278724,0.064889954,0.002054076,0.005583037,0.002176036,0.000936188,0.000318884,0.003050265,0.013889299,0.006855408,0.000951853,0.001643147,0.002145784,0.001695947,0.005494664,0.007233015
T>A,TTT,0.003138851,0.006934073,0.000490163,0.000422623,0.033721287,0.017657395,0.009499891,0.001183424,0.000792826,0.000919802,0.017834503,0.051348682,0.010575395,0.01970877,0.003399455,0.003283256,0.01775911,0.041136266,0.044278685
T>C,ATA,0.009687031,0.079426813,0.001114807,0.000665446,0.024986524,0.002078,0.008860711,0.004898337,0.000951398,0.001501008,0.007272855,0.009467408,0.057507193,0.018283228,0.006048022,0.009004566,0.024261033,0.0343715,0.002184229
T>C,ATC,0.004250844,0.033093205,0.000200508,0.000528842,0.000369866,0.006493577,0.006926432,0.002650169,0.001665514,0.000927827,0.010983679,0.0052992,0.002643266,0.007229336,0.002198478,0.004405912,0.008584123,0.000889606,0.011127271
T>C,ATG,0.00420618,0.052721641,0.000306871,0.000501136,0.006732001,0.004045544,0.007026376,0.01234808,0.000939835,0.001636444,0.010391754,0.014756912,0.036652727,0.008640065,0.000555327,0.012312952,0.016293818,0.001422045,0.008164001
T>C,ATT,0.014057776,0.045201498,0.000705486,0.000682786,0.001213978,0.00607326,0.007340644,0.012214275,0.002584421,0.002302208,0.022038459,0.012531149,0.017258467,0.004566886,0.000718849,0.023507055,0.013259474,0.003050283,0.014234561
T>C,CTA,0.001118625,0.031703268,0.000350444,0.000122873,0.006311922,0.018870471,0.001952136,0.007074984,0.006746531,0.000699767,0.01046015,0.015558677,0.02636619,0.00802113,0.000440912,0.0010487,0.012271251,0.052986509,0.000110062
T>C,CTC,0.002119083,0.040252164,0.00011072,0.000312385,0.001421607,0.041813259,0.012438229,0.001190874,0.006050938,0.00062224,0.014653469,0.003792066,0.000857346,0.002866898,0.001817788,0.005534122,0.006363907,0.004428389,0.017583577
T>C,CTG,0.001374533,0.027212503,0.000145395,0.000242322,0.001895562,0.041642195,0.004386048,0.011907434,0.006901706,0.000853294,0.010999518,0.010497471,0.018588596,0.012513769,0.000134293,0.004607349,0.017464248,0.001039513,0.001066803
T>C,CTT,0.001130353,0.023333141,0.00027104,0.000445743,0.001516053,0.031816744,0.003371141,0.004892112,0.010545033,0.000763907,0.012152612,0.00787194,0.01238804,0.007615187,0.000874267,0.005070265,0.016123675,0.002313928,0.001617289
T>C,GTA,0.005418125,0.050397297,0.000606897,0.000390122,0.002569975,0.003213641,0.008925456,0.009596008,0.000403062,0.001488285,0.007123513,0.008072835,0.02601541,0.018284628,0.002404374,0.023230405,0.005609431,0.020688656,0.000832606
T>C,GTC,0.00431716,0.025977173,0.000189665,0.000578033,0.000717765,0.008892861,0.002778383,0.000705933,0.021154016,0.000525538,0.005835461,0.001429944,0.000734059,0.006328742,0.001260089,0.027568109,0.006937631,0.000898583,0.00504691
T>C,GTG,0.002891133,0.029231933,0.000181387,0.000535665,0.001310648,0.009254199,0.004411517,0.00371137,0.000238965,0.000888421,0.008260097,0.004138559,0.016006908,0.008182414,0.000534427,0.010598182,0.01319403,0.000181785,0.001486529
T>C,GTT,0.006187451,0.034463585,0.000296873,0.000638136,0.000939124,0.005642069,0.00388852,0.006077483,0.000590775,0.001406672,0.01129503,0.002272359,0.01142107,0.009955429,0.000448164,0.041535683,0.004905781,0.000617138,0.00312242
T>C,TTA,0.002858506,0.062483937,0.000537447,0.000321424,0.008924057,0.004655199,0.003074225,0.008040525,0.000354587,0.001716299,0.009052316,0.016478949,0.023839774,0.012190157,0.002610431,0.010506311,0.002675552,0.153016744,0.001681832
T>C,TTC,0.003661937,0.036353177,0.000119433,0.000554407,0.00065464,0.021188922,0.001007206,0.000246237,0.001045082,0.000907462,0.012828758,0.00427713,0.001265506,0.016101237,0.002498797,0.012938419,0.010458485,0.006700185,0.012360458
T>C,TTG,0.000933537,0.030259546,0.000202134,0.00017682,0.002567188,0.011282672,0.001070886,0.002526835,0.002402192,0.000767014,0.004666858,0.004097327,0.014009189,0.006894798,0.001103162,0.00562465,0.008099957,0.021030391,0.001558915
T>C,TTT,0.006645581,0.042582826,0.000712125,0.000236383,0.001385727,0.023393095,0.00176617,0.009109451,0.000832678,0.001354352,0.015133402,0.006439609,0.011745972,0.021438662,0.000436154,0.018113218,0.036574266,0.010504803,0.005135735
T>G,ATA,0.001504022,0.002319675,5.67e-05,0.000374748,0.004590403,0.003078561,0.005154155,0.000498519,0.001382749,0.00030302,0.005871315,0.008538708,0.002715558,0.002206584,0.002856979,0.011603894,0.001804878,0.038395172,0.004093344
T>G,ATC,0.000648244,0.001772652,7.6e-05,0.000166745,0.000393825,0.013518906,0.003840269,0.000140036,0.000987287,0.000203174,0.002497945,0.018554953,0.000475779,0.000496753,0.001463369,0.009823696,0.000870905,0.000574525,0.000670029
T>G,ATG,0.001285598,0.001896291,5.4e-05,0.00029677,0.003189145,0.006135663,0.00662463,0.001296227,0.001708097,0.000179173,0.013492789,0.01527249,0.000565208,0.001226181,0.001138654,0.005095454,0.004163928,0.002278831,0.009023486
T>G,ATT,0.001271238,0.001405614,0.000223465,0.000180463,0.000916005,0.095151156,0.004720437,0.002622522,0.000631541,0.000507679,0.002917575,0.041817306,0.00066474,0.001477456,0.002659285,0.00674525,0.003506233,0.007626517,0.000585884
T>G,CTA,0.000100186,0.001662841,8.79e-05,8.86e-05,0.004320052,0.007132783,0.007407146,0.001100761,0.00289019,0.000193454,0.005334535,0.002040759,0.002596276,0.001854914,0.000437426,0.00307593,0.011757474,0.018437143,0.000154071
T>G,CTC,0.000251754,0.004808001,6.57e-05,0.000293577,0.001120724,0.024547593,0.014379085,0.000523585,0.001187561,0.000157228,0.006093872,0.008680065,0.000704812,0.002044076,0.000517187,0.010619222,0.002079637,0.004474492,0.001498406
T>G,CTG,0.000595208,0.002356519,6.04e-05,0.000367709,0.00748296,0.018401595,0.022896748,0.000530026,0.003107859,0.000262787,0.013720643,0.002570842,0.002228946,0.00535464,0.001574773,0.005189992,0.018971203,8.06e-05,0.004206474
T>G,CTT,5.27e-06,0.00409325,0.000141798,0.000293999,0.00072669,0.107269742,0.007134972,0.002702788,0.003244811,0.000634164,0.003355336,0.004640939,0.00211257,0.004426966,0.001240719,0.001949866,0.023721617,0.00325631,0.000289226
T>G,GTA,0.000497212,0.000638718,4.69e-05,0.000151915,0.00170256,0.001616425,0.005765414,0.000759408,0.001347408,1.33e-05,0.005877413,0.001038731,0.001091453,0.000422913,0.000962004,0.002493245,0.003608034,0.005514441,0.00163008
T>G,GTC,0.000318679,0.001182431,1.9e-05,0.000198443,0.000215898,0.007198986,0.008433647,0.00041354,0.007936773,6.95e-05,0.002822477,0.001405718,0.000304644,0.00042831,0.000763353,0.006529533,0.000864913,0.001191054,0.001490118
T>G,GTG,0.001020132,0.0009087,8.96e-05,0.000354914,0.001478736,0.005280482,0.021165787,0.001497389,0.002654561,0.000300073,0.012674635,0.000404625,0.000877382,0.00164244,0.001619077,0.002947292,0.005138257,0.000692913,0.008549559
T>G,GTT,0.00027177,0.000545768,0.000133094,0.000124173,0.000323888,0.043938872,0.011064916,0.00026145,0.000949838,0.000135679,0.004764225,0.001445937,0.000632635,0.000925272,0.001708553,0.003875258,0.00095887,0.000578403,0.002111671
T>G,TTA,0.000655354,0.002218325,0.00016718,0.000283288,0.004002978,0.005837306,0.005606076,0.001542663,0.001439663,0.00041614,0.009967023,0.008346711,0.002993423,0.000724481,0.001896559,0.009560212,0.00197285,0.088157371,0.000841445
T>G,TTC,0.000363952,0.00337234,3.21e-05,0.000187456,0.000637183,0.021886094,0.007580038,0.000372756,0.000748902,0.000191735,0.006301313,0.029209904,0.000726907,0.000341374,0.001185943,0.010479716,0.000225828,0.014824286,0.000894841
T>G,TTG,0.000727988,0.00201956,8.7e-05,0.000388904,0.004967292,0.011606005,0.007332284,0.001951679,0.003359601,0.000349961,0.015214753,0.012705843,0.002410292,0.003264825,0.002314364,0.00418775,0.017038613,0.013041448,0.006159361
T>G,TTT,0.002352005,0.003363573,0.000339152,0.000704101,0.001075899,0.210428235,0.008163066,0.001886276,0.001020375,0.000767074,0.006900154,0.035401574,0.002147839,0.015087117,0.007618892,0.005691305,0.012598532,0.076014852,0.002664666
